Name:,Date:,Start Time:,End Time:,Temperature Range (ºF):,Time of Day:,Time Stamp:,Pecking (m),Pecking (f),Dabbling (m),Dabbling (f),Dipping (m),Dipping (f),Upending (m),Upending (f),Visitor Interaction (Y/N),Notes:
Kim Luong,2/23/23,1:00 PM,2:00 PM,80 - 82,afternoon,0:00,0,0,8,2,3,0,0,0,N,There were less shovelers at the lake (still more than 10 shovelers).
Kim Luong,2/23/23,1:00 PM,2:00 PM,80 - 82,afternoon,0:10,4,2,6,3,1,1,0,0,Y,The weather was slightly windy and cloudy.
Kim Luong,2/23/23,1:00 PM,2:00 PM,80 - 82,afternoon,0:20,3,1,2,1,0,0,0,0,Y,
Kim Luong,2/23/23,1:00 PM,2:00 PM,80 - 82,afternoon,0:30,1,2,1,0,0,0,0,0,N,
Kim Luong,2/23/23,1:00 PM,2:00 PM,80 - 82,afternoon,0:40,0,0,1,1,3,2,0,0,N,
Kim Luong,2/23/23,1:00 PM,2:00 PM,80 - 82,afternoon,0:50,0,0,4,3,3,0,1,0,N,
Kim Luong,2/23/23,1:00 PM,2:00 PM,80 - 82,afternoon,1:00,2,1,0,2,1,0,0,0,Y,
Kim Luong,2/25/23,11:00 AM,12:00 PM,51 - 55,morning,0:00,0,2,1,1,0,0,0,0,N,There were about 6 shovelers at the lake. (4 breeding males and 2 females)
Kim Luong,2/25/23,11:00 AM,12:00 PM,51 - 55,morning,0:10,2,2,1,0,0,0,0,0,Y,The weather was slightly windy and cloudly.
Kim Luong,2/25/23,11:00 AM,12:00 PM,51 - 55,morning,0:20,0,1,4,2,0,0,0,1,N,There was some kind of festivity/sports event on one side of the park.
Kim Luong,2/25/23,11:00 AM,12:00 PM,51 - 55,morning,0:30,1,1,2,2,2,2,0,2,N,
Kim Luong,2/25/23,11:00 AM,12:00 PM,51 - 55,morning,0:40,3,1,1,1,1,0,0,0,Y,
Kim Luong,2/25/23,11:00 AM,12:00 PM,51 - 55,morning,0:50,2,2,0,0,1,2,0,1,N,
Kim Luong,2/25/23,11:00 AM,12:00 PM,51 - 55,morning,1:00,0,0,0,0,1,0,1,1,N,
Peter Zhang,2/25/2023,12:44 PM,1:54 PM,56-58,afternoon,0:00,0,0,0,0,0,0,0,0,N,"There was some kind of festivity/sports event on one side of the park. I stood on the opposite side of this, as far away as possible. "
Peter Zhang,2/25/2023,12:44 PM,1:54 PM,56-58,afternoon,0:10,0,0,0,0,0,0,0,0,N,"I mistook some Gadwalls from far away as Northern Shovelers. There were very few Shovelers, perhaps as few as 1 or 2."
Peter Zhang,2/25/2023,12:44 PM,1:54 PM,56-58,afternoon,0:20,0,0,0,0,0,0,0,0,N,The entire day was cloudy and a little chilly
Peter Zhang,2/25/2023,12:44 PM,1:54 PM,56-58,afternoon,0:30,0,0,0,0,0,1,0,0,N,
Peter Zhang,2/25/2023,12:44 PM,1:54 PM,56-58,afternoon,0:40,0,0,0,0,0,0,0,0,Y,"Halfway through, I moved to try and find more Shovelers to observe, but there still weren't many."
Peter Zhang,2/25/2023,12:44 PM,1:54 PM,56-58,afternoon,0:50,0,0,0,0,0,0,0,0,Y,
Peter Zhang,2/25/2023,12:44 PM,1:54 PM,56-58,afternoon,1:00,0,0,0,1,0,0,0,0,Y,
Peter Zhang,2/25/2023,12:44 PM,1:54 PM,56-58,afternoon,1:10,0,0,0,0,0,1,0,0,Y,
Peter Zhang,2/26/2023,11:03 AM,11;53AM,77-81,morning,1:00,0,0,0,0,0,0,0,0,N,There were even less Shovelers this day. I only saw 1 female Shoveler.
Peter Zhang,2/26/2023,11:03 AM,11;53AM,77-81,morning,0:00,0,0,0,0,0,0,0,0,N,The entire day was mostly cloudy and very windy
Peter Zhang,2/26/2023,11:03 AM,11;53AM,77-81,morning,0:10,0,0,0,0,0,0,0,0,Y,Man was feeding the birds bread
Peter Zhang,2/26/2023,11:03 AM,11;53AM,77-81,morning,0:20,0,0,0,0,0,0,0,0,N,
Peter Zhang,2/26/2023,11:03 AM,11;53AM,77-81,morning,0:30,0,0,0,0,0,0,0,0,N,
Peter Zhang,2/26/2023,11:03 AM,11;53AM,77-81,morning,0:40,0,0,0,0,0,1,0,0,Y,
Peter Zhang,2/26/2023,11:03 AM,11;53AM,77-81,morning,0:50,0,0,0,0,0,1,0,0,N,
Peter Zhang,2/27/2023,2:33 PM,3:35 PM,72-75,evening,0:00,0,0,0,0,1,2,0,0,N,"7 males and 4 females; the entire day was sunny, warm, and not very windy"
Peter Zhang,2/27/2023,2:33 PM,3:35 PM,72-75,evening,0:10,0,0,2,2,1,1,1,0,N,"5 females and 5 males; two paris of male and female ducks circled around each other with their beaks in the water, and I wasn't sure if this was dabbling. It could be some kind of courtship ritual?"
Peter Zhang,2/27/2023,2:33 PM,3:35 PM,72-75,evening,0:20,0,0,0,0,4,4,1,1,N,7 males and 7 females; two of the ducks were too far away to see what they were doing clearly
Peter Zhang,2/27/2023,2:33 PM,3:35 PM,72-75,evening,0:30,0,0,1,1,3,2,0,0,N,6 male and 5 female
Peter Zhang,2/27/2023,2:33 PM,3:35 PM,72-75,evening,0:40,0,0,2,2,3,0,0,0,N,8 female and 7 male
Peter Zhang,2/27/2023,2:33 PM,3:35 PM,72-75,evening,0:50,0,0,1,7,5,1,2,0,N,12 male and 9 female
Peter Zhang,2/27/2023,2:33 PM,3:35 PM,72-75,evening,1:00,0,0,4,3,3,0,1,0,N,12 male and 9 female
Sergio Carran,2/27/2023,3:30 PM,4:30 PM,80-81,evening ,0:00,3,1,9,4,15,12,5,5,N,The weather is sunny and warm 
Sergio Carran,2/27/2023,3:30 PM,4:30 PM,80-81,evening,0:10,4,2,12,3,7,7,2,2,Y,About 35 shovelers at the lake rightnow (18 breeding males and 17 females)
Sergio Carran,2/27/2023,3:30 PM,4:30 PM,80-81,evening,0:20,2,4,3,5,14,16,7,8,Y,
Sergio Carran,2/27/2023,3:30 PM,4:30 PM,80-81,evening,0:30,5,4,12,6,4,13,2,7,N,
Sergio Carran,2/27/2023,3:30 PM,4:30 PM,80-81,evening,0:40,2,2,2,15,14,12,0,0,N,
Sergio Carran,2/27/2023,3:30 PM,4:30 PM,80-81,evening,0:50,0,1,8,6,13,14,0,0,N,
Sergio Carran,2/27/2023,3:30 PM,4:30 PM,80-81,evening,1:00,1,1,8,3,0,0,13,7,Y,
Sergio Carran,2/27/2023,5:30 PM,6:30:00 PM,80-79,evening ,0:00,3,5,8,1,4,6,9,2,Y,"The weather was still sunny, but chilly winds were starting to come through "
Sergio Carran,2/27/2023,5:30 PM,6:30:00 PM,80-79,evening,0:10,4,2,11,6,3,3,7,2,N,"At this point, there were about 20 shovelers at the lake (12 breeding males and 8 females) "
Sergio Carran,2/27/2023,5:30 PM,6:30:00 PM,80-79,evening,0:20,1,1,8,4,11,5,2,0,Y,
Sergio Carran,2/27/2023,5:30 PM,6:30:00 PM,80-79,evening,0:30,4,0,7,4,3,2,1,2,N,
Sergio Carran,2/27/2023,5:30 PM,6:30:00 PM,80-79,evening,0:40,3,1,4,1,7,6,0,4,N,
Sergio Carran,2/27/2023,5:30 PM,6:30:00 PM,80-79,evening,0:50,3,0,2,4,5,7,2,2,N,
Sergio Carran,2/27/2023,5:30 PM,6:30:00 PM,80-79,evening,1:00,4,0,4,5,2,4,6,0,Y,
Sergio Carran,2/27/2023,6:30 PM,7:30 PM,79-75,evening ,0:00,3,0,5,3,4,2,2,3,N,The weather dropped signifcantly to 76 
Sergio Carran,2/27/2023,6:30 PM,7:30 PM,79-75,evening,0:10,2,4,6,3,7,6,3,2,Y,At this point there were around 14 shoverlers with 7 being male and 7 being female 
Sergio Carran,2/27/2023,6:30 PM,7:30 PM,79-75,evening,0:20,4,1,1,1,2,3,1,0,Y,
Sergio Carran,2/27/2023,6:30 PM,7:30 PM,79-75,evening,0:30,4,2,4,0,1,0,0,3,Y,
Sergio Carran,2/27/2023,6:30 PM,7:30 PM,79-75,evening,0:40,1,5,3,2,5,7,4,2,N,
Sergio Carran,2/27/2023,6:30 PM,7:30 PM,79-75,evening,0:50,3,3,4,4,2,2,4,6,Y,
Sergio Carran,2/27/2023,6:30 PM,7:30 PM,79-75,evening,1:00,0,2,4,5,7,6,4,4,Y,
Kim Luong,2/28/23,10:00 AM,11:00 AM,75-79,morning,0:00,0,0,0,0,0,0,0,0,N,There were very few people around the lake.
Kim Luong,2/28/23,10:00 AM,11:00 AM,75-79,morning,0:10,0,0,0,0,0,0,1,0,Y,
Kim Luong,2/28/23,10:00 AM,11:00 AM,75-79,morning,0:20,0,0,5,4,0,0,1,0,Y,
Kim Luong,2/28/23,10:00 AM,11:00 AM,75-79,morning,0:30,4,3,5,2,0,0,0,0,Y,
Kim Luong,2/28/23,10:00 AM,11:00 AM,75-79,morning,0:40,0,0,0,0,0,0,0,0,N,
Kim Luong,2/28/23,10:00 AM,11:00 AM,75-79,morning,0:50,0,0,3,2,0,0,0,0,N,
Kim Luong,2/28/23,10:00 AM,11:00 AM,75-79,morning,1:00,0,0,2,0,0,0,0,0,N,
Peter Zhang,3/3/23,10:50 AM,11:51 AM,54-59,morning,0:00,0,0,0,0,1,0,0,0,N,"They were almost all asleep. Their heads were down and they weren't moving, only drifting along with the water. Only about 6 or 7 ducks were awake and moving. 42 males and 38 females"
Peter Zhang,3/3/23,10:50 AM,11:51 AM,54-59,morning,0:10,0,0,0,0,0,0,0,0,N,"More were awake, but most were still asleep. More males than female were awake, so I wonder if they naturally wake up earlier? 42 females and 50 males"
Peter Zhang,3/3/23,10:50 AM,11:51 AM,54-59,morning,0:20,0,0,0,0,0,0,0,0,N,"In between 11 and 11:10, most of the ducks moved out of that corner of the pond to sleep further away from shore. 21 males and 20 females"
Peter Zhang,3/3/23,10:50 AM,11:51 AM,54-59,morning,0:30,0,0,0,0,1,0,0,0,N,Many more male ducks were awake at this point. There was a group of around 5 ducks at the shore grooming themselves. 41 males and 21 females
Peter Zhang,3/3/23,10:50 AM,11:51 AM,54-59,morning,0:40,0,0,0,0,1,1,0,0,N,Some females joined the males at the shore. I wonder if this is a courting behavior? 44 males and 38 females
Peter Zhang,3/3/23,10:50 AM,11:51 AM,54-59,morning,0:50,0,0,0,0,0,1,1,0,N,32 males and 23 females
Peter Zhang,3/3/23,10:50 AM,11:51 AM,54-59,morning,1:00,0,0,0,1,1,0,0,0,N,32 males and 31 females
Kim Luong,3/4/23,9:18 AM,10:18 AM,58-64,morning,0:00,0,0,10,5,0,0,0,0,Y,Some shovelers were sleeping in the area where there was no visitor interaction.
Kim Luong,3/4/23,9:18 AM,10:18 AM,58-64,morning,0:10,0,0,5,1,0,0,0,0,Y,The group of shovelers that were counted were in a area where a group of people were feeding them bread at the beginning.
Kim Luong,3/4/23,9:18 AM,10:18 AM,58-64,morning,0:20,0,0,2,0,0,0,0,1,N,There were very few people around the lake.
Kim Luong,3/4/23,9:18 AM,10:18 AM,58-64,morning,0:30,0,0,1,1,1,1,2,4,N,
Kim Luong,3/4/23,9:18 AM,10:18 AM,58-64,morning,0:40,0,1,0,0,5,1,1,2,N,
Kim Luong,3/4/23,9:18 AM,10:18 AM,58-64,morning,0:50,0,0,0,0,2,5,0,0,N,
Kim Luong,3/4/23,9:18 AM,10:18 AM,58-64,morning,1:00,0,0,0,0,3,3,0,1,N,
Peter Zhang,3/4/23,1:00 PM,1:50 PM,70-72,afternoon,0:00,0,0,0,0,0,0,0,0,N,They were asleep. I moved to an area with more ducks after this scan. 1 female and 1 male
Peter Zhang,3/4/23,1:00 PM,1:50 PM,70-72,afternoon,0:10,0,0,0,0,6,3,1,0,Y,"Many were still asleep. Many were also awake, however. Someone was feeding the ducks. 27 male and 27 female"
Peter Zhang,3/4/23,1:00 PM,1:50 PM,70-72,afternoon,0:20,0,0,0,0,3,3,1,0,Y,"They were all feeding in areas where people were throwing bread in the water, so they were clearly getting human fed. 20 female and 32 male"
Peter Zhang,3/4/23,1:00 PM,1:50 PM,70-72,afternoon,0:30,0,0,0,0,6,7,0,0,Y,Still being fed. 33 females and 49 males
Peter Zhang,3/4/23,1:00 PM,1:50 PM,70-72,afternoon,0:40,0,0,0,0,0,1,0,0,N,Feeding stopped. 17 females and 29 males
Peter Zhang,3/4/23,1:00 PM,1:50 PM,70-72,afternoon,0:50,0,0,0,0,0,1,0,0,N,"Almost every duck flew away at this time for some reason; After this scan, only 3 ducks were still in the lake. 30 female and 40 male."
Peter Zhang,3/5/2023,2:18 PM,3:18 PM,77-78,afternoon,0:00,0,0,0,0,2,0,0,0,N,Many ducks were asleep. 2 males.
Peter Zhang,3/5/2023,2:18 PM,3:18 PM,77-78,afternoon,0:10,0,0,1,0,0,0,0,0,N,36 males and 36 females.
Peter Zhang,3/5/2023,2:18 PM,3:18 PM,77-78,afternoon,0:20,0,0,1,0,1,0,0,0,N,Human feeding occurred around 5 minutes before my scan. 53 males and 38 females
Peter Zhang,3/5/2023,2:18 PM,3:18 PM,77-78,afternoon,0:30,0,0,2,2,0,0,4,2,N,I decided to move to an area of the lake where they were not sleeping. This corner of the park had a group of females and males that appeared to be breeding pairs. 6 males and 5 females.
Peter Zhang,3/5/2023,2:18 PM,3:18 PM,77-78,afternoon,0:40,0,0,1,1,1,1,4,2,N,6 males and 5 females
Peter Zhang,3/5/2023,2:18 PM,3:18 PM,77-78,afternoon,0:50,0,1,0,0,0,3,4,1,N,6 males and 5 females
Peter Zhang,3/5/2023,2:18 PM,3:18 PM,77-78,afternoon,1:00,0,0,4,1,7,4,1,,Y,I moved back to the bigger group. There was a person feeding them. 42 females and 50 males.
Kim Luong,3/7/23,10:45 AM,11:45 AM,70-75,morning,0:00,0,0,1,0,0,0,2,1,N,There were very few people at the lake.
Kim Luong,3/7/23,10:45 AM,11:45 AM,70-75,morning,0:10,0,0,7,2,2,0,0,0,Y,
Kim Luong,3/7/23,10:45 AM,11:45 AM,70-75,morning,0:20,0,0,11,2,0,0,0,0,Y,
Kim Luong,3/7/23,10:45 AM,11:45 AM,70-75,morning,0:30,0,0,10,1,0,0,0,0,Y,
Kim Luong,3/7/23,10:45 AM,11:45 AM,70-75,morning,0:40,0,0,0,0,4,2,1,1,N,
Kim Luong,3/7/23,10:45 AM,11:45 AM,70-75,morning,0:50,0,0,1,1,0,0,0,0,N,
Kim Luong,3/7/23,10:45 AM,11:45 AM,70-75,morning,1:00,0,0,0,1,2,0,0,1,N,
Kim Luong,3/7/23,12:30 PM,1:30 PM,74-77,afternoon,0:00,0,0,1,2,0,0,0,0,N,More people were at the lake compared to the morning time.
Kim Luong,3/7/23,12:30 PM,1:30 PM,74-77,afternoon,0:10,0,0,0,0,2,1,1,0,Y,
Kim Luong,3/7/23,12:30 PM,1:30 PM,74-77,afternoon,0:20,0,0,5,3,1,1,0,0,Y,
Kim Luong,3/7/23,12:30 PM,1:30 PM,74-77,afternoon,0:30,2,1,4,3,0,1,0,0,Y,
Kim Luong,3/7/23,12:30 PM,1:30 PM,74-77,afternoon,0:40,0,0,2,2,0,0,0,1,N,
Kim Luong,3/7/23,12:30 PM,1:30 PM,74-77,afternoon,0:50,0,0,0,0,0,0,0,0,Y,
Kim Luong,3/7/23,12:30 PM,1:30 PM,74-77,afternoon,1:00,0,0,0,0,0,0,0,0,N,
Sergio Carran,3/6/23,12:55 PM,1:55 PM,83-84,afternoon,0:00,0,0,3,4,3,4,0,0,N,"about 36 shovelers, 18 male and 18 female"
Sergio Carran,3/6/23,12:55 PM,1:55 PM,83-84,afternoon,0:10,0,0,2,2,2,1,1,1,N,sunny warm climate outside 
Sergio Carran,3/6/23,12:55 PM,1:55 PM,83-84,afternoon,0:20,0,0,5,3,1,3,3,1,Y,
Sergio Carran,3/6/23,12:55 PM,1:55 PM,83-84,afternoon,0:30,2,2,4,2,3,2,3,3,N,
Sergio Carran,3/6/23,12:55 PM,1:55 PM,83-84,afternoon,0:40,3,1,2,4,2,2,2,2,Y,
Sergio Carran,3/6/23,12:55 PM,1:55 PM,83-84,afternoon,0:50,2,3,8,1,2,3,1,0,Y,
Sergio Carran,3/6/23,12:55 PM,1:55 PM,83-84,afternoon,1:00,1,2,5,3,2,4,0,3,Y,
Sergio Carran,3/6/23,4:00 PM,5:00 PM,81-82,evening,0:00,0,2,3,2,3,1,0,0,Y,"about 30 shovelers, 15 male and 15 female "
Sergio Carran,3/6/23,4:00 PM,5:00 PM,81-82,evening,0:10,0,3,4,1,2,3,0,0,N,"warm, sunny weather "
Sergio Carran,3/6/23,4:00 PM,5:00 PM,81-82,evening,0:20,0,1,2,3,3,1,2,1,Y,
Sergio Carran,3/6/23,4:00 PM,5:00 PM,81-82,evening,0:30,0,0,2,3,4,2,3,2,Y,
Sergio Carran,3/6/23,4:00 PM,5:00 PM,81-82,evening,0:40,0,2,3,2,6,4,1,2,Y,
Sergio Carran,3/6/23,4:00 PM,5:00 PM,81-82,evening,0:50,2,1,4,0,8,2,4,0,N,
Sergio Carran,3/6/23,4:00 PM,5:00 PM,81-82,evening,1:00,1,2,1,3,7,3,0,0,N,about 28 shovelers where 14 were male and 14 were female 
Sergio Carran,3/6/23,5:00 PM,6:00 PM,78-79,evening,0:00,0,0,8,5,3,4,0,3,Y,"cloudy, cool weather "
Sergio Carran,3/6/23,5:00 PM,6:00 PM,78-79,evening,0:10,2,0,3,6,8,5,0,2,Y,
Sergio Carran,3/6/23,5:00 PM,6:00 PM,78-79,evening,0:20,1,2,2,4,6,6,0,1,N,
Sergio Carran,3/6/23,5:00 PM,6:00 PM,78-79,evening,0:30,4,1,5,7,4,3,2,0,N,
Sergio Carran,3/6/23,5:00 PM,6:00 PM,78-79,evening,0:40,2,1,2,8,7,2,3,2,N,
Sergio Carran,3/6/23,5:00 PM,6:00 PM,78-79,evening,0:50,1,0,2,2,3,3,4,2,Y,
Sergio Carran,3/6/23,5:00 PM,6:00 PM,78-79,evening,1:00,1,0,4,5,1,1,1,2,Y,