category,subcategory,ID,Description,GeneRatio,BgRatio,RichFactor,FoldEnrichment,zScore,pvalue,p.adjust,qvalue,geneID,Count
Organismal Systems,Immune system,hsa04612,Antigen processing and presentation,11/79,82/9392,0.134146341463415,15.9481321395492,12.5211344351596,6.30460482738765e-11,1.29570037057129e-08,1.29570037057129e-08,3123/3305/3127/3117/3119/3106/3107/6891/3303/3118/3122,11
Human Diseases,Endocrine and metabolic disease,hsa04940,Type I diabetes mellitus,9/79,44/9392,0.204545454545455,24.3176064441887,14.2782709422473,7.38290809442332e-11,1.29570037057129e-08,1.29570037057129e-08,3123/3127/3117/3119/3106/4049/3107/3118/3122,9
Human Diseases,Immune disease,hsa05330,Allograft rejection,8/79,39/9392,0.205128205128205,24.3868873742291,13.4788836651697,8.69727279910324e-10,1.01758091749508e-07,1.01758091749508e-07,3123/3127/3117/3119/3106/3107/3118/3122,8
Human Diseases,Immune disease,hsa05332,Graft-versus-host disease,8/79,45/9392,0.177777777777778,21.1353023909986,12.4696124551918,2.92620866518086e-09,2.56774810369621e-07,2.56774810369621e-07,3123/3127/3117/3119/3106/3107/3118/3122,8
Human Diseases,Immune disease,hsa05320,Autoimmune thyroid disease,8/79,54/9392,0.148148148148148,17.6127519924988,11.2755099152415,1.32920840205124e-08,9.33104298239967e-07,9.33104298239967e-07,3123/3127/3117/3119/3106/3107/3118/3122,8
Human Diseases,Infectious disease: viral,hsa05166,Human T-cell leukemia virus 1 infection,13/79,224/9392,0.0580357142857143,6.8996383363472,8.23069977105338,3.74587375780981e-08,2.19133614831874e-06,2.19133614831874e-06,1030/3123/894/111/3127/3117/1388/3119/3106/4049/3107/3118/3122,13
Human Diseases,Cardiovascular disease,hsa05416,Viral myocarditis,8/79,70/9392,0.114285714285714,13.5869801084991,9.73510591831313,1.08253655593185e-07,5.42814758760115e-06,5.42814758760115e-06,3123/3127/3117/3119/3106/3107/3118/3122,8
Human Diseases,Immune disease,hsa05310,Asthma,6/79,32/9392,0.1875,22.2911392405063,11.111191416435,2.22434919052633e-07,9.75933207343427e-06,9.75933207343427e-06,3123/3127/3117/3119/3118/3122,6
Human Diseases,Infectious disease: viral,hsa05169,Epstein-Barr virus infection,11/79,205/9392,0.0536585365853659,6.3792528558197,7.17194079690747,1.01073531133637e-06,3.94186771421185e-05,3.94186771421185e-05,3123/894/5609/3127/3117/3119/3106/3107/6891/3118/3122,11
Human Diseases,Infectious disease: viral,hsa05168,Herpes simplex virus 1 infection,10/79,180/9392,0.0555555555555556,6.60478199718706,6.99266426748019,2.38998691823034e-06,8.3888540829885e-05,8.3888540829885e-05,3123/3127/3117/3119/3106/4049/3107/6891/3118/3122,10
Organismal Systems,Immune system,hsa04672,Intestinal immune network for IgA production,6/79,50/9392,0.12,14.2663291139241,8.66244524162192,3.4588297132935e-06,0.000110368111760547,0.000110368111760547,3123/3127/3117/3119/3118/3122,6
Human Diseases,Infectious disease: parasitic,hsa05145,Toxoplasmosis,8/79,112/9392,0.0714285714285714,8.49186256781193,7.34597573833244,4.10626417334183e-06,0.000120108227070249,0.000120108227070249,3123/3305/3127/3117/3119/3303/3118/3122,8
Cellular Processes,Transport and catabolism,hsa04145,Phagocytosis,11/79,259/9392,0.0424710424710425,5.04921558086115,6.0860948572903,9.74495439521264e-06,0.000263113768670741,0.000263113768670741,3123/534/3127/3117/3119/3106/3107/6891/3118/3122/84315,11
Organismal Systems,Immune system,hsa04658,Th1 and Th2 cell differentiation,7/79,93/9392,0.0752688172043011,8.94841431876957,7.09460975816178,1.20626611961171e-05,0.000302428148559792,0.000302428148559792,3123/4853/3127/3117/3119/3118/3122,7
Human Diseases,Immune disease,hsa05323,Rheumatoid arthritis,7/79,95/9392,0.0736842105263158,8.76002664890073,7.00129318196227,1.38820116881966e-05,0.000324839073503801,0.000324839073503801,3123/534/3127/3117/3119/3118/3122,7
Human Diseases,Immune disease,hsa05321,Inflammatory bowel disease,6/79,66/9392,0.0909090909090909,10.8078250863061,7.36413325713149,1.77746435052063e-05,0.000375901076118514,0.000375901076118514,3123/3127/3117/3119/3118/3122,6
Human Diseases,Infectious disease: bacterial,hsa05150,Staphylococcus aureus infection,7/79,99/9392,0.0707070707070707,8.40608617823808,6.82264939910341,1.8206035025683e-05,0.000375901076118514,0.000375901076118514,3123/717/3127/3117/3119/3118/3122,7
Human Diseases,Infectious disease: parasitic,hsa05140,Leishmaniasis,6/79,78/9392,0.0769230769230769,9.14508276533593,6.65272161557173,4.63854535737054e-05,0.000904516344687256,0.000904516344687256,3123/3127/3117/3119/3118/3122,6
Environmental Information Processing,Signaling molecules and interaction,hsa04514,Cell adhesion molecule (CAM) interaction,8/79,160/9392,0.05,5.94430379746835,5.8095421303722,5.56927382493443e-05,0.00102885005923789,0.00102885005923789,3123/3127/3117/3119/3106/3107/3118/3122,8
Organismal Systems,Immune system,hsa04640,Hematopoietic cell lineage,6/79,100/9392,0.06,7.13316455696203,5.67877525353684,0.000185945355065889,0.00317886499072886,0.00317886499072886,3123/3127/3117/3119/3118/3122,6
Human Diseases,Immune disease,hsa05322,Systemic lupus erythematosus,7/79,143/9392,0.048951048951049,5.81959812339559,5.3487970541048,0.000190188503718821,0.00317886499072886,0.00317886499072886,3123/717/3127/3117/3119/3118/3122,7
Organismal Systems,Immune system,hsa04659,Th17 cell differentiation,6/79,109/9392,0.055045871559633,6.54418766693764,5.36205989252456,0.000297526531758927,0.00474690057488107,0.00474690057488107,3123/3127/3117/3119/3118/3122,6
Genetic Information Processing,"Folding, sorting and degradation",hsa04141,Protein processing in endoplasmic reticulum,7/79,175/9392,0.04,4.75544303797468,4.61859705275031,0.00064841888542159,0.00989543603404253,0.00989543603404253,3305/5609/7466/1388/6048/3303/6745,7
Human Diseases,Endocrine and metabolic disease,hsa04950,Maturity onset diabetes of the young,3/79,26/9392,0.115384615384615,13.7176241480039,5.98053790844976,0.00129551903113636,0.0189469658303692,0.0189469658303692,6927/3087/6928,3
Human Diseases,Infectious disease: viral,hsa05165,Human papillomavirus infection,9/79,333/9392,0.027027027027027,3.21313718782073,3.78717162900084,0.00183765150387432,0.0258006271143955,0.0258006271143955,894/4853/534/6934/4855/3106/5522/3107/7148,9
Human Diseases,Infectious disease: viral,hsa05164,Influenza A,6/79,173/9392,0.0346820809248555,4.12321650691447,3.81863281110618,0.00327833548321474,0.044257529023399,0.044257529023399,3123/3127/3117/3119/3118/3122,6
Human Diseases,Infectious disease: bacterial,hsa05152,Tuberculosis,6/79,181/9392,0.0331491712707182,3.94097489334919,3.67961073949808,0.00409428521303712,0.0532257077694826,0.0532257077694826,3123/3127/3117/3119/3118/3122,6
Organismal Systems,Immune system,hsa04650,Natural killer cell mediated cytotoxicity,5/79,133/9392,0.037593984962406,4.46940135147997,3.71127371887479,0.00515262663766401,0.0645918553507167,0.0645918553507167,259197/100507436/3106/3107/4277,5
Organismal Systems,Endocrine system,hsa04911,Insulin secretion,4/79,86/9392,0.0465116279069768,5.52958492787754,3.88642931106911,0.00584503088173143,0.0704071240046797,0.0704071240046797,3767/6833/111/1388,4
Human Diseases,Infectious disease: viral,hsa05167,Kaposi sarcoma-associated herpesvirus infection,6/79,196/9392,0.0306122448979592,3.6393696719194,3.43916839342452,0.00601770290638288,0.0704071240046797,0.0704071240046797,100507436/6934/5609/3106/3107/4277,6
Human Diseases,Endocrine and metabolic disease,hsa04934,Cushing syndrome,5/79,155/9392,0.032258064516129,3.8350347080441,3.27780732815885,0.00971077669197282,0.109951052222015,0.109951052222015,1030/1589/6934/111/1388,5
Cellular Processes,Cell growth and death,hsa04218,Cellular senescence,5/79,157/9392,0.0318471337579618,3.7861807627187,3.24239058790944,0.010229157238805,0.112201068463142,0.112201068463142,1030/678/894/3106/3107,5
Organismal Systems,Digestive system,hsa04972,Pancreatic secretion,4/79,102/9392,0.0392156862745098,4.66219905683793,3.42498630887991,0.0105759946052856,0.112490124438038,0.112490124438038,440387/1504/111/3784,4
Human Diseases,Infectious disease: viral,hsa05163,Human cytomegalovirus infection,6/79,227/9392,0.026431718061674,3.14236324095243,3.00929294117874,0.0119663657878648,0.123535129162957,0.123535129162957,111/9564/1388/3106/3107/6891,6
Organismal Systems,Aging,hsa04213,Longevity regulating pathway - multiple species,3/79,62/9392,0.0483870967741936,5.75255206206615,3.45785334831158,0.0151806510861293,0.152240243749468,0.152240243749468,3305/111/3303,3
Environmental Information Processing,Signal transduction,hsa04330,Notch signaling pathway,3/79,63/9392,0.0476190476190476,5.66124171187462,3.41884189149387,0.0158448731308882,0.15448751302616,0.15448751302616,7088/4853/4855,3
Metabolism,Lipid metabolism,hsa00561,Glycerolipid metabolism,3/79,65/9392,0.0461538461538462,5.48704965920156,3.34326829923427,0.0172219218401343,0.159076172786504,0.159076172786504,7920/10554/137964,3
Organismal Systems,Endocrine system,hsa04927,Cortisol synthesis and secretion,3/79,65/9392,0.0461538461538462,5.48704965920156,3.34326829923427,0.0172219218401343,0.159076172786504,0.159076172786504,1589/111/1388,3
Human Diseases,Infectious disease: viral,hsa05162,Measles,4/79,136/9392,0.0294117647058824,3.49664929262844,2.70109579249825,0.0274270953410727,0.246843858069655,0.246843858069655,1460/894/3305/3303,4
Human Diseases,Cancer: overview,hsa05203,Viral carcinogenesis,5/79,205/9392,0.024390243902439,2.89966038900895,2.53274055140625,0.0289346874968558,0.251715838157643,0.251715838157643,1030/894/1388/3106/3107,5
Organismal Systems,Endocrine system,hsa04915,Estrogen signaling pathway,4/79,139/9392,0.0287769784172662,3.42118204170841,2.64861129950588,0.0294027047420609,0.251715838157643,0.251715838157643,3305/111/1388/3303,4
Human Diseases,Cardiovascular disease,hsa05417,Lipid and atherosclerosis,5/79,216/9392,0.0231481481481482,2.75199249882794,2.39914822192148,0.0351071899668701,0.293395801865986,0.293395801865986,5468/3305/5609/177/3303,5
Human Diseases,Cancer: specific types,hsa05216,Thyroid cancer,2/79,37/9392,0.0540540540540541,6.42627437564147,3.04582803884971,0.0384839051168498,0.314136062698006,0.314136062698006,5468/6934,2
Organismal Systems,Aging,hsa04211,Longevity regulating pathway,3/79,90/9392,0.0333333333333333,3.96286919831224,2.60117894918341,0.0399354713026183,0.316134441963689,0.316134441963689,5468/111/1388,3
Organismal Systems,Circulatory system,hsa04261,Adrenergic signaling in cardiomyocytes,4/79,154/9392,0.025974025974026,3.08795002465889,2.40611369753703,0.0405300566620114,0.316134441963689,0.316134441963689,111/3784/1388/5522,4
Organismal Systems,Endocrine system,hsa04925,Aldosterone synthesis and secretion,3/79,98/9392,0.0306122448979592,3.6393696719194,2.41900402104342,0.0493215303538212,0.376344720743288,0.376344720743288,1589/111/1388,3
Human Diseases,Drug resistance: antineoplastic,hsa01522,Endocrine resistance,3/79,99/9392,0.0303030303030303,3.60260836210203,2.39758003761459,0.0505644897778103,0.37761991302152,0.37761991302152,4853/111/4855,3
Environmental Information Processing,Membrane transport,hsa02010,ABC transporters,2/79,45/9392,0.0444444444444444,5.28382559774965,2.65293483019398,0.0548093429857009,0.390930360588521,0.390930360588521,6833/6891,2
Genetic Information Processing,Translation,hsa03015,mRNA surveillance pathway,3/79,103/9392,0.029126213592233,3.4627012412437,2.31457109180258,0.0556880855539204,0.390930360588521,0.390930360588521,8761/5522/7919,3
Organismal Systems,Digestive system,hsa04974,Protein digestion and absorption,3/79,103/9392,0.029126213592233,3.4627012412437,2.31457109180258,0.0556880855539204,0.390930360588521,0.390930360588521,440387/1504/3784,3
Cellular Processes,Transport and catabolism,hsa04144,Endocytosis,5/79,250/9392,0.02,2.37772151898734,2.03345938316104,0.0590691943522701,0.399685066797608,0.399685066797608,116985/3305/3106/3107/3303,5
Human Diseases,Endocrine and metabolic disease,hsa04930,Type II diabetes mellitus,2/79,47/9392,0.0425531914893617,5.05898195529222,2.56921862195353,0.0592126024885346,0.399685066797608,0.399685066797608,3767/6833,2
Environmental Information Processing,Signal transduction,hsa04310,Wnt signaling pathway,4/79,178/9392,0.0224719101123596,2.67159721234533,2.07368220023425,0.0626964943414223,0.414270869436127,0.414270869436127,1460/7088/894/6934,4
Human Diseases,Substance dependence,hsa05030,Cocaine addiction,2/79,49/9392,0.0408163265306122,4.85249289589253,2.49012630781187,0.0637339799132503,0.414270869436127,0.414270869436127,111/1388,2
Human Diseases,Infectious disease: bacterial,hsa05110,Vibrio cholerae infection,2/79,51/9392,0.0392156862745098,4.66219905683793,2.41521063795521,0.0683683958269341,0.43631467155007,0.43631467155007,534/3784,2
Environmental Information Processing,Signal transduction,hsa04668,TNF signaling pathway,3/79,119/9392,0.0252100840336134,2.9971279651101,2.01926774573999,0.0785146025431498,0.492118312368671,0.492118312368671,5609/1388/4049,3
Human Diseases,Infectious disease: bacterial,hsa05134,Legionellosis,2/79,56/9392,0.0357142857142857,4.24593128390597,2.24376607855686,0.0804168392464703,0.494905599786621,0.494905599786621,3305/3303,2
Organismal Systems,Immune system,hsa04660,T cell receptor signaling pathway,3/79,122/9392,0.0245901639344262,2.92342809711558,1.96943054142733,0.0831892603629933,0.494905599786621,0.494905599786621,10125/5609/5522,3
Organismal Systems,Endocrine system,hsa04935,"Growth hormone synthesis, secretion and action",3/79,122/9392,0.0245901639344262,2.92342809711558,1.96943054142733,0.0831892603629933,0.494905599786621,0.494905599786621,111/9564/1388,3
Human Diseases,Cancer: overview,hsa05202,Transcriptional misregulation in cancer,4/79,201/9392,0.0199004975124378,2.36589205869387,1.80284209574099,0.0888569148920158,0.519812952118293,0.519812952118293,5468/8091/894/3087,4
Organismal Systems,Endocrine system,hsa04926,Relaxin signaling pathway,3/79,130/9392,0.0230769230769231,2.74352482960078,1.84362287827719,0.0962229896732539,0.546029937020482,0.546029937020482,111/5609/1388,3
Metabolism,Metabolism of cofactors and vitamins,hsa00130,Ubiquinone and other terpenoid-quinone biosynthesis,1/79,12/9392,0.0833333333333333,9.90717299578059,2.84350342419403,0.0964497324651564,0.546029937020482,0.546029937020482,1728,1
Organismal Systems,Nervous system,hsa04728,Dopaminergic synapse,3/79,133/9392,0.0225563909774436,2.68164081088798,1.79887787942827,0.101315028430846,0.564469444114715,0.564469444114715,111/1388/5522,3
Human Diseases,Infectious disease: viral,hsa05170,Human immunodeficiency virus 1 infection,4/79,214/9392,0.0186915887850467,2.2221696439134,1.6656702039386,0.105648933489999,0.579418369609214,0.579418369609214,5609/3106/3107/6891,4
Human Diseases,Substance dependence,hsa05031,Amphetamine addiction,2/79,69/9392,0.0289855072463768,3.44597321592368,1.87811882066905,0.114390423655163,0.617708287737882,0.617708287737882,111/1388,2
Human Diseases,Endocrine and metabolic disease,hsa04936,Alcoholic liver disease,3/79,144/9392,0.0208333333333333,2.47679324894515,1.64475682913339,0.120874205427413,0.642831001591241,0.642831001591241,717/6934/5609,3
Human Diseases,Cancer: specific types,hsa05224,Breast cancer,3/79,148/9392,0.0202702702702703,2.40985289086555,1.59220635466621,0.128311305328312,0.672198032391607,0.672198032391607,4853/6934/4855,3
Organismal Systems,Endocrine system,hsa04918,Thyroid hormone synthesis,2/79,75/9392,0.0266666666666667,3.17029535864979,1.7379452466356,0.131122749301712,0.676824779483838,0.676824779483838,111/1388,2
Organismal Systems,Digestive system,hsa04971,Gastric acid secretion,2/79,76/9392,0.0263157894736842,3.12858094603598,1.71595893683173,0.133964928866956,0.678799804195195,0.678799804195195,111/3784,2
Human Diseases,Cancer: overview,hsa05206,MicroRNAs in cancer,5/79,323/9392,0.0154798761609907,1.84034173296234,1.41547484788161,0.135373180323828,0.678799804195195,0.678799804195195,8091/894/4853/4855/7148,5
Metabolism,Carbohydrate metabolism,hsa00562,Inositol phosphate metabolism,2/79,78/9392,0.0256410256410256,3.04836092177864,1.67305543398578,0.139691131023122,0.69058573224107,0.69058573224107,23262/9807,2
Cellular Processes,Transport and catabolism,hsa04148,Efferocytosis,3/79,157/9392,0.0191082802547771,2.27170845763122,1.47993826845778,0.145621169133731,0.700178498163556,0.700178498163556,5468/9564/177,3
Environmental Information Processing,Signal transduction,hsa04390,Hippo signaling pathway,3/79,157/9392,0.0191082802547771,2.27170845763122,1.47993826845778,0.145621169133731,0.700178498163556,0.700178498163556,894/6934/5522,3
Environmental Information Processing,Signal transduction,hsa04022,cGMP-PKG signaling pathway,3/79,166/9392,0.0180722891566265,2.14854354125362,1.37505302956623,0.163656464289134,0.776262418452515,0.776262418452515,111/1388/2969,3
Human Diseases,Cancer: overview,hsa05235,PD-L1 expression and PD-1 checkpoint pathway in cancer,2/79,90/9392,0.0222222222222222,2.64191279887482,1.44147740685309,0.175047557844279,0.819222570711227,0.819222570711227,1460/10125,2
Cellular Processes,Cellular community - eukaryotes,hsa04520,Adherens junction,2/79,93/9392,0.021505376344086,2.55668980536273,1.389472949023,0.184105247601368,0.839233011793247,0.839233011793247,1460/6934,2
Organismal Systems,Endocrine system,hsa04912,GnRH signaling pathway,2/79,93/9392,0.021505376344086,2.55668980536273,1.389472949023,0.184105247601368,0.839233011793247,0.839233011793247,111/5609,2
Environmental Information Processing,Signal transduction,hsa04070,Phosphatidylinositol signaling system,2/79,98/9392,0.0204081632653061,2.42624644794627,1.30716660469616,0.199348347062325,0.891222128872938,0.891222128872938,23262/9807,2
Human Diseases,Neurodegenerative disease,hsa05020,Prion disease,4/79,275/9392,0.0145454545454545,1.72925201380898,1.13042738796716,0.200588456356017,0.891222128872938,0.891222128872938,1460/3305/1388/3303,4
Organismal Systems,Endocrine system,hsa04916,Melanogenesis,2/79,101/9392,0.0198019801980198,2.35417972176965,1.26017374599993,0.208568041664348,0.902739882967928,0.902739882967928,6934/111,2
Metabolism,Lipid metabolism,hsa00062,Fatty acid elongation,1/79,28/9392,0.0357142857142857,4.24593128390597,1.58420835431529,0.210896496875698,0.902739882967928,0.902739882967928,9374,1
Organismal Systems,Excretory system,hsa04966,Collecting duct acid secretion,1/79,28/9392,0.0357142857142857,4.24593128390597,1.58420835431529,0.210896496875698,0.902739882967928,0.902739882967928,534,1
Metabolism,Lipid metabolism,hsa00564,Glycerophospholipid metabolism,2/79,104/9392,0.0192307692307692,2.28627069133398,1.21482187833334,0.217832914666085,0.912310395854224,0.912310395854224,10554/137964,2
Environmental Information Processing,Signal transduction,hsa04064,NF-kappa B signaling pathway,2/79,105/9392,0.0190476190476191,2.26449668474985,1.20004984796593,0.220929867941906,0.912310395854224,0.912310395854224,1460/4049,2
Cellular Processes,Transport and catabolism,hsa04137,Mitophagy - animal,2/79,105/9392,0.0190476190476191,2.26449668474985,1.20004984796593,0.220929867941906,0.912310395854224,0.912310395854224,1460/84315,2
Human Diseases,Neurodegenerative disease,hsa05010,Alzheimer disease,5/79,388/9392,0.0128865979381443,1.53203706120318,0.985745197680748,0.227334628986656,0.927842497375772,0.927842497375772,1460/57181/3416/5609/177,5
Genetic Information Processing,"Folding, sorting and degradation",hsa03060,Protein export,1/79,31/9392,0.032258064516129,3.8350347080441,1.45613878228106,0.230702543597236,0.930765434512988,0.930765434512988,7917,1
Cellular Processes,Cellular community - eukaryotes,hsa04510,Focal adhesion,3/79,203/9392,0.0147783251231527,1.75693708299557,1.0041494156189,0.243544637096392,0.956579908805672,0.956579908805672,894/9564/7148,3
Genetic Information Processing,"Folding, sorting and degradation",hsa04130,SNARE interactions in vesicular transport,1/79,33/9392,0.0303030303030303,3.60260836210203,1.37935397756958,0.243633057853495,0.956579908805672,0.956579908805672,143187,1
Environmental Information Processing,Signal transduction,hsa04010,MAPK signaling pathway,4/79,300/9392,0.0133333333333333,1.58514767932489,0.948682884166148,0.245276899693762,0.956579908805672,0.956579908805672,10125/3305/5609/3303,4
Organismal Systems,Nervous system,hsa04725,Cholinergic synapse,2/79,115/9392,0.0173913043478261,2.06758392955421,1.06089361107804,0.252066646377276,0.961689053026345,0.961689053026345,111/3784,2
Organismal Systems,Endocrine system,hsa04928,"Parathyroid hormone synthesis, secretion and action",2/79,115/9392,0.0173913043478261,2.06758392955421,1.06089361107804,0.252066646377276,0.961689053026345,0.961689053026345,111/1388,2
Metabolism,Carbohydrate metabolism,hsa00051,Fructose and mannose metabolism,1/79,35/9392,0.0285714285714286,3.39674502712477,1.30831465707014,0.256348938702773,0.967510510587886,0.967510510587885,57103,1
Environmental Information Processing,Signal transduction,hsa04152,AMPK signaling pathway,2/79,122/9392,0.0163934426229508,1.94895206474372,0.971648059763425,0.273952383225115,0.996416418209723,0.996416418209723,5468/5522,2
Organismal Systems,Endocrine system,hsa04919,Thyroid hormone signaling pathway,2/79,122/9392,0.0163934426229508,1.94895206474372,0.971648059763425,0.273952383225115,0.996416418209723,0.996416418209723,4853/4855,2
Human Diseases,Immune disease,hsa05340,Primary immunodeficiency,1/79,38/9392,0.0263157894736842,3.12858094603598,1.21089908273785,0.275028001872807,0.996416418209723,0.996416418209723,6891,1
Human Diseases,Cancer: overview,hsa05207,Chemical carcinogenesis - receptor activation,3/79,217/9392,0.0138248847926267,1.64358630344747,0.883401816498744,0.275362941784453,0.996416418209723,0.996416418209723,4853/111/1388,3
Organismal Systems,Immune system,hsa04611,Platelet activation,2/79,126/9392,0.0158730158730159,1.88708057062487,0.923266028951427,0.286455872321738,1,1,10125/111,2
Organismal Systems,Digestive system,hsa04975,Fat digestion and absorption,1/79,43/9392,0.0232558139534884,2.76479246393877,1.06824274728561,0.305135635101621,1,1,10554,1
Environmental Information Processing,Signal transduction,hsa04068,FoxO signaling pathway,2/79,133/9392,0.0150375939849624,1.78776054059199,0.842679959705007,0.308284352547104,1,1,1030/894,2
Genetic Information Processing,Transcription,hsa03022,Basal transcription factors,1/79,44/9392,0.0227272727272727,2.70195627157652,1.04217355394481,0.311007309593757,1,1,2969,1
Human Diseases,Infectious disease: bacterial,hsa05135,Yersinia infection,2/79,138/9392,0.0144927536231884,1.72298660796184,0.788006342223901,0.323804962103563,1,1,5609/9564,2
Genetic Information Processing,Transcription,hsa03040,Spliceosome,3/79,243/9392,0.0123456790123457,1.46772933270824,0.680355020840966,0.335385327334649,1,1,3305/7919/3303,3
Genetic Information Processing,"Folding, sorting and degradation",hsa04120,Ubiquitin mediated proteolysis,2/79,142/9392,0.0140845070422535,1.67445177393475,0.745845496145622,0.336162166557368,1,1,7325/9690,2
Organismal Systems,Development and regeneration,hsa04380,Osteoclast differentiation,2/79,142/9392,0.0140845070422535,1.67445177393475,0.745845496145622,0.336162166557368,1,1,5468/5609,2
Human Diseases,Cardiovascular disease,hsa05418,Fluid shear stress and atherosclerosis,2/79,142/9392,0.0140845070422535,1.67445177393475,0.745845496145622,0.336162166557368,1,1,5609/1728,2
Metabolism,Glycan biosynthesis and metabolism,hsa00514,Other types of O-glycan biosynthesis,1/79,49/9392,0.0204081632653061,2.42624644794627,0.921879390158207,0.339638803585282,1,1,6480,1
Cellular Processes,Transport and catabolism,hsa04142,Lysosome biogenesis,3/79,250/9392,0.012,1.42663291139241,0.6296923470237,0.351587458773102,1,1,9374/534/10239,3
Organismal Systems,Endocrine system,hsa04913,Ovarian steroidogenesis,1/79,52/9392,0.0192307692307692,2.28627069133398,0.856614205500109,0.356250434517544,1,1,111,1
Environmental Information Processing,Signal transduction,hsa04072,Phospholipase D signaling pathway,2/79,149/9392,0.0134228187919463,1.59578625435392,0.675152377487419,0.357628464484373,1,1,10554/111,2
Human Diseases,Cancer: specific types,hsa05226,Gastric cancer,2/79,150/9392,0.0133333333333333,1.58514767932489,0.665354040937043,0.360676272368459,1,1,1030/6934,2
Environmental Information Processing,Signal transduction,hsa04151,PI3K-Akt signaling pathway,4/79,362/9392,0.0110497237569061,1.31365829778306,0.560520958222386,0.363009863586783,1,1,894/1388/5522/7148,4
Metabolism,Amino acid metabolism,hsa00270,Cysteine and methionine metabolism,1/79,54/9392,0.0185185185185185,2.20159399906235,0.815553320523888,0.367094939504,1,1,4507,1
Environmental Information Processing,Signaling molecules and interaction,hsa04518,Integrin signaling,2/79,154/9392,0.012987012987013,1.54397501232944,0.626866406200302,0.372815141822782,1,1,894/7148,2
Environmental Information Processing,Signal transduction,hsa04340,Hedgehog signaling pathway,1/79,56/9392,0.0178571428571429,2.12296564195298,0.776255562553656,0.377759033602092,1,1,894,1
Metabolism,Glycan biosynthesis and metabolism,hsa00510,N-Glycan biosynthesis,1/79,57/9392,0.0175438596491228,2.08572063069065,0.75722164807319,0.383024354547404,1,1,6480,1
Metabolism,Global and overview maps,hsa01212,Fatty acid metabolism,1/79,57/9392,0.0175438596491228,2.08572063069065,0.75722164807319,0.383024354547404,1,1,9374,1
Cellular Processes,Cell growth and death,hsa04110,Cell cycle,2/79,158/9392,0.0126582278481013,1.50488703733376,0.589457493974375,0.384864293658514,1,1,1030/894,2
Organismal Systems,Endocrine system,hsa04923,Regulation of lipolysis in adipocytes,1/79,59/9392,0.0169491525423729,2.01501823642995,0.72030077568443,0.393423373823227,1,1,111,1
Human Diseases,Cancer: specific types,hsa05213,Endometrial cancer,1/79,59/9392,0.0169491525423729,2.01501823642995,0.72030077568443,0.393423373823227,1,1,6934,1
Human Diseases,Infectious disease: viral,hsa05161,Hepatitis B,2/79,163/9392,0.0122699386503067,1.45872485827444,0.544118408122648,0.399788310609747,1,1,5609/1388,2
Human Diseases,Cancer: specific types,hsa05217,Basal cell carcinoma,1/79,63/9392,0.0158730158730159,1.88708057062487,0.650639551314515,0.413704981134583,1,1,6934,1
Cellular Processes,Cellular community - eukaryotes,hsa04530,Tight junction,2/79,170/9392,0.0117647058823529,1.39865971705138,0.483102094485356,0.42040205022355,1,1,5609/5522,2
Human Diseases,Cancer: specific types,hsa05225,Hepatocellular carcinoma,2/79,170/9392,0.0117647058823529,1.39865971705138,0.483102094485356,0.42040205022355,1,1,6934/1728,2
Organismal Systems,Endocrine system,hsa04929,GnRH secretion,1/79,65/9392,0.0153846153846154,1.82901655306719,0.617694247204562,0.423593212597591,1,1,3767,1
Metabolism,Lipid metabolism,hsa00140,Steroid hormone biosynthesis,1/79,66/9392,0.0151515151515152,1.80130418105102,0.601653344837408,0.428475397244829,1,1,1589,1
Human Diseases,Cancer: specific types,hsa05221,Acute myeloid leukemia,1/79,68/9392,0.0147058823529412,1.74832464631422,0.570384923236561,0.4381176041209,1,1,6934,1
Organismal Systems,Immune system,hsa04664,Fc epsilon RI signaling pathway,1/79,69/9392,0.0144927536231884,1.72298660796184,0.555138848890477,0.442878297951278,1,1,5609,1
Organismal Systems,Endocrine system,hsa04924,Renin secretion,1/79,69/9392,0.0144927536231884,1.72298660796184,0.555138848890477,0.442878297951278,1,1,111,1
Organismal Systems,Endocrine system,hsa04917,Prolactin signaling pathway,1/79,71/9392,0.0140845070422535,1.67445177393475,0.52537993941331,0.452280524920699,1,1,894,1
Human Diseases,Infectious disease: bacterial,hsa05120,Epithelial cell signaling in Helicobacter pylori infection,1/79,71/9392,0.0140845070422535,1.67445177393475,0.52537993941331,0.452280524920699,1,1,534,1
Human Diseases,Cancer: overview,hsa05230,Central carbon metabolism in cancer,1/79,71/9392,0.0140845070422535,1.67445177393475,0.52537993941331,0.452280524920699,1,1,57103,1
Cellular Processes,Cell growth and death,hsa04115,p53 signaling pathway,1/79,75/9392,0.0133333333333333,1.58514767932489,0.468578907386704,0.470617454550153,1,1,894,1
Organismal Systems,Endocrine system,hsa03320,PPAR signaling pathway,1/79,76/9392,0.0131578947368421,1.56429047301799,0.454903668074013,0.475106154892596,1,1,5468,1
Human Diseases,Substance dependence,hsa05034,Alcoholism,2/79,191/9392,0.0104712041884817,1.24488037643316,0.314903738751463,0.480006890407196,1,1,111/1388,2
Human Diseases,Neurodegenerative disease,hsa05016,Huntington disease,3/79,308/9392,0.00974025974025974,1.15798125924708,0.259637268268065,0.482316799956097,1,1,5468/56171/5609,3
Genetic Information Processing,"Folding, sorting and degradation",hsa03018,RNA degradation,1/79,78/9392,0.0128205128205128,1.52418046088932,0.428138888589294,0.483971118725131,1,1,8761,1
Human Diseases,Infectious disease: bacterial,hsa05100,Bacterial invasion of epithelial cells,1/79,78/9392,0.0128205128205128,1.52418046088932,0.428138888589294,0.483971118725131,1,1,9564,1
Human Diseases,Infectious disease: bacterial,hsa05133,Pertussis,1/79,78/9392,0.0128205128205128,1.52418046088932,0.428138888589294,0.483971118725131,1,1,717,1
Organismal Systems,Immune system,hsa04062,Chemokine signaling pathway,2/79,193/9392,0.0103626943005181,1.23198006165147,0.299904974227517,0.485492518420258,1,1,111/9564,2
Cellular Processes,Cell motility,hsa04814,Motor proteins,2/79,194/9392,0.0103092783505155,1.22562964896255,0.292465736766792,0.488222188707707,1,1,56171/3832,2
Organismal Systems,Nervous system,hsa04721,Synaptic vesicle cycle,1/79,79/9392,0.0126582278481013,1.50488703733376,0.415037777892148,0.488348001012087,1,1,534,1
Genetic Information Processing,Chromosome,hsa03083,Polycomb repressive complex,1/79,83/9392,0.0120481927710843,1.43236236083575,0.364384651142845,0.50549196810186,1,1,1460,1
Environmental Information Processing,Signal transduction,hsa04012,ErbB signaling pathway,1/79,86/9392,0.0116279069767442,1.38239623196938,0.328099803410591,0.517976553178205,1,1,5609,1
Human Diseases,Cardiovascular disease,hsa05412,Arrhythmogenic right ventricular cardiomyopathy,1/79,86/9392,0.0116279069767442,1.38239623196938,0.328099803410591,0.517976553178205,1,1,6934,1
Human Diseases,Cancer: specific types,hsa05210,Colorectal cancer,1/79,87/9392,0.0114942528735632,1.36650662010767,0.316306360877722,0.52206852097306,1,1,6934,1
Organismal Systems,Immune system,hsa04610,Complement and coagulation cascades,1/79,88/9392,0.0113636363636364,1.35097813578826,0.304657036017019,0.526126187479576,1,1,717,1
Environmental Information Processing,Signaling molecules and interaction,hsa04512,ECM-receptor interaction,1/79,89/9392,0.0112359550561798,1.33579860617266,0.293148074836052,0.530149836575568,1,1,7148,1
Cellular Processes,Cellular community - eukaryotes,hsa04540,Gap junction,1/79,89/9392,0.0112359550561798,1.33579860617266,0.293148074836052,0.530149836575568,1,1,111,1
Organismal Systems,Nervous system,hsa04727,GABAergic synapse,1/79,89/9392,0.0112359550561798,1.33579860617266,0.293148074836052,0.530149836575568,1,1,111,1
Organismal Systems,Digestive system,hsa04976,Bile secretion,1/79,90/9392,0.0111111111111111,1.32095639943741,0.281775864522764,0.53413974981974,1,1,111,1
Environmental Information Processing,Signal transduction,hsa04015,Rap1 signaling pathway,2/79,212/9392,0.00943396226415094,1.12156675423931,0.16488687066555,0.535807494292979,1,1,111/9564,2
Human Diseases,Substance dependence,hsa05032,Morphine addiction,1/79,91/9392,0.010989010989011,1.30644039504799,0.27053692658884,0.538096206470379,1,1,111,1
Organismal Systems,Digestive system,hsa04970,Salivary secretion,1/79,93/9392,0.010752688172043,1.27834490268137,0.248445587195247,0.545909855633282,1,1,111,1
Human Diseases,Cancer: specific types,hsa05222,Small cell lung cancer,1/79,93/9392,0.010752688172043,1.27834490268137,0.248445587195247,0.545909855633282,1,1,1030,1
Organismal Systems,Development and regeneration,hsa04382,Cornified envelope formation,2/79,217/9392,0.00921658986175115,1.09572420229831,0.131393309242675,0.548489242356684,1,1,1041/5522,2
Environmental Information Processing,Signaling molecules and interaction,hsa04081,Hormone signaling,2/79,219/9392,0.0091324200913242,1.08571758857869,0.118211838014611,0.553495100382612,1,1,2696/111,2
Organismal Systems,Environmental adaptation,hsa04713,Circadian entrainment,1/79,97/9392,0.0103092783505155,1.22562964896255,0.205722598946549,0.561147711165486,1,1,111,1
Organismal Systems,Sensory system,hsa04750,Inflammatory mediator regulation of TRP channels,1/79,99/9392,0.0101010101010101,1.20086945403401,0.18504535687018,0.56857618872173,1,1,111,1
Human Diseases,Cancer: overview,hsa05231,Choline metabolism in cancer,1/79,99/9392,0.0101010101010101,1.20086945403401,0.18504535687018,0.56857618872173,1,1,80736,1
Environmental Information Processing,Signal transduction,hsa04024,cAMP signaling pathway,2/79,226/9392,0.00884955752212389,1.05208916769351,0.0730022718477892,0.570712167326008,1,1,2696/111,2
Environmental Information Processing,Signaling molecules and interaction,hsa04061,Viral protein interaction with cytokine and cytokine receptor,1/79,100/9392,0.01,1.18886075949367,0.17486858495577,0.572243732151299,1,1,4049,1
Human Diseases,Cancer: overview,hsa05208,Chemical carcinogenesis - reactive oxygen species,2/79,227/9392,0.00881057268722467,1.04745441365081,0.0666573386330489,0.573133023720732,1,1,5609/1728,2
Human Diseases,Endocrine and metabolic disease,hsa04933,AGE-RAGE signaling pathway in diabetic complications,1/79,101/9392,0.0099009900990099,1.17708986088482,0.164796437121508,0.575880489056168,1,1,177,1
Human Diseases,Neurodegenerative disease,hsa05022,Pathways of neurodegeneration - multiple diseases,4/79,480/9392,0.00833333333333333,0.990717299578059,-0.0192279077139355,0.579923403484349,1,1,1460/56171/5609/177,4
Human Diseases,Infectious disease: parasitic,hsa05142,Chagas disease,1/79,103/9392,0.00970873786407767,1.15423374708123,0.14495667050313,0.583062661788894,1,1,5522,1
Human Diseases,Cardiovascular disease,hsa05414,Dilated cardiomyopathy,1/79,105/9392,0.00952380952380953,1.13224834237492,0.125508121195407,0.590124723141968,1,1,111,1
Organismal Systems,Environmental adaptation,hsa04714,Thermogenesis,2/79,235/9392,0.00851063829787234,1.01179639105844,0.0168667399770396,0.592149337392254,1,1,5468/111,2
Human Diseases,Cancer: specific types,hsa05215,Prostate cancer,1/79,106/9392,0.00943396226415094,1.12156675423931,0.11592526006378,0.593611333120625,1,1,6934,1
Genetic Information Processing,Translation,hsa03013,Nucleocytoplasmic transport,1/79,108/9392,0.00925925925925926,1.10079699953118,0.0970323569689455,0.600496936082226,1,1,7919,1
Organismal Systems,Immune system,hsa04620,Toll-like receptor signaling pathway,1/79,109/9392,0.0091743119266055,1.09069794448961,0.0877184972258998,0.603896412821725,1,1,5609,1
Environmental Information Processing,Signal transduction,hsa04350,TGF-beta signaling pathway,1/79,110/9392,0.00909090909090909,1.08078250863061,0.0784905840447265,0.607267325607148,1,1,1030,1
Organismal Systems,Endocrine system,hsa04914,Progesterone-mediated oocyte maturation,1/79,110/9392,0.00909090909090909,1.08078250863061,0.0784905840447265,0.607267325607148,1,1,111,1
Human Diseases,Infectious disease: bacterial,hsa05132,Salmonella infection,2/79,248/9392,0.00806451612903226,0.958758677011025,-0.0606198677856041,0.62171703887321,1,1,6934/5609,2
Organismal Systems,Nervous system,hsa04726,Serotonergic synapse,1/79,115/9392,0.00869565217391304,1.03379196477711,0.0335801978143064,0.623701656094102,1,1,111,1
Organismal Systems,Immune system,hsa04670,Leukocyte transendothelial migration,1/79,116/9392,0.00862068965517241,1.02487996508075,0.024832649318179,0.626906093861545,1,1,9564,1
Organismal Systems,Nervous system,hsa04724,Glutamatergic synapse,1/79,116/9392,0.00862068965517241,1.02487996508075,0.024832649318179,0.626906093861545,1,1,111,1
Genetic Information Processing,Chromosome,hsa03082,ATP-dependent chromatin remodeling,1/79,117/9392,0.00854700854700855,1.01612030725955,0.0161597244679806,0.630083586162638,1,1,54815,1
Organismal Systems,Nervous system,hsa04722,Neurotrophin signaling pathway,1/79,120/9392,0.00833333333333333,0.990717299578059,-0.00942546772848799,0.639456618098774,1,1,5609,1
Environmental Information Processing,Signal transduction,hsa04071,Sphingolipid signaling pathway,1/79,125/9392,0.008,0.951088607594937,-0.0507014191889655,0.654559950308513,1,1,5522,1
Metabolism,Nucleotide metabolism,hsa00230,Purine metabolism,1/79,128/9392,0.0078125,0.92879746835443,-0.0747008960987489,0.663320286529238,1,1,111,1
Human Diseases,Neurodegenerative disease,hsa05012,Parkinson disease,2/79,268/9392,0.00746268656716418,0.887209522010202,-0.172532875417784,0.663992620943371,1,1,57181/111,2
Organismal Systems,Circulatory system,hsa04270,Vascular smooth muscle contraction,1/79,134/9392,0.00746268656716418,0.887209522010202,-0.121113042023307,0.680188126269683,1,1,111,1
Metabolism,Energy metabolism,hsa00190,Oxidative phosphorylation,1/79,138/9392,0.0072463768115942,0.861493303980921,-0.150962899867811,0.690966945525565,1,1,534,1
Cellular Processes,Cell growth and death,hsa04114,Oocyte meiosis,1/79,138/9392,0.0072463768115942,0.861493303980921,-0.150962899867811,0.690966945525565,1,1,111,1
Environmental Information Processing,Signal transduction,hsa04371,Apelin signaling pathway,1/79,140/9392,0.00714285714285714,0.849186256781194,-0.165581491239704,0.696221043561545,1,1,111,1
Cellular Processes,Cellular community - eukaryotes,hsa04550,Signaling pathways regulating pluripotency of stem cells,1/79,144/9392,0.00694444444444444,0.825597749648382,-0.194237949345277,0.706466051006367,1,1,5460,1
Organismal Systems,Nervous system,hsa04723,Retrograde endocannabinoid signaling,1/79,149/9392,0.00671140939597315,0.79789312717696,-0.22903001654678,0.718793698748533,1,1,111,1
Metabolism,Global and overview maps,hsa01240,Biosynthesis of cofactors,1/79,154/9392,0.00649350649350649,0.771987506164721,-0.262757239468062,0.730609898672826,1,1,1728,1
Organismal Systems,Endocrine system,hsa04921,Oxytocin signaling pathway,1/79,154/9392,0.00649350649350649,0.771987506164721,-0.262757239468062,0.730609898672826,1,1,111,1
Human Diseases,Infectious disease: viral,hsa05160,Hepatitis C,1/79,156/9392,0.00641025641025641,0.762090230444661,-0.275967079667108,0.735197896719139,1,1,5522,1
Human Diseases,Endocrine and metabolic disease,hsa04932,Non-alcoholic fatty liver disease,1/79,157/9392,0.00636942675159236,0.757236152543739,-0.282514050993874,0.73746287789705,1,1,5468,1
Environmental Information Processing,Signal transduction,hsa04150,mTOR signaling pathway,1/79,158/9392,0.00632911392405063,0.75244351866688,-0.289023112723075,0.739708728752073,1,1,534,1
Environmental Information Processing,Signal transduction,hsa04630,JAK-STAT signaling pathway,1/79,168/9392,0.00595238095238095,0.707655213984328,-0.352139716891191,0.761149522982476,1,1,894,1
Genetic Information Processing,Translation,hsa03008,Ribosome biogenesis in eukaryotes,1/79,183/9392,0.00546448087431694,0.649650688247908,-0.440803710428806,0.790082041557181,1,1,1460,1
Organismal Systems,Immune system,hsa04621,NOD-like receptor signaling pathway,1/79,187/9392,0.0053475935828877,0.635754416841535,-0.463369949540172,0.797194203688261,1,1,63940,1
Organismal Systems,Immune system,hsa04613,Neutrophil extracellular trap formation,1/79,195/9392,0.00512820512820513,0.609672184355729,-0.507280745095783,0.810712343683846,1,1,177,1
Environmental Information Processing,Signaling molecules and interaction,hsa04082,Neuroactive ligand signaling,1/79,199/9392,0.0050251256281407,0.597417467082247,-0.528661276855322,0.817133798379736,1,1,111,1
Human Diseases,Cancer: overview,hsa05205,Proteoglycans in cancer,1/79,204/9392,0.00490196078431373,0.582774882104741,-0.554880804265786,0.824858861505423,1,1,286,1
Human Diseases,Cardiovascular disease,hsa05415,Diabetic cardiomyopathy,1/79,205/9392,0.00487804878048781,0.579932077801791,-0.56005961226123,0.826364755055823,1,1,177,1
Cellular Processes,Cell motility,hsa04810,Regulation of actin cytoskeleton,1/79,232/9392,0.00431034482758621,0.512439982540375,-0.692546603986066,0.862524617849347,1,1,9564,1
Environmental Information Processing,Signal transduction,hsa04014,Ras signaling pathway,1/79,238/9392,0.00420168067226891,0.499521327518349,-0.720266579670489,0.869488747291644,1,1,10125,1
Human Diseases,Infectious disease: viral,hsa05171,Coronavirus disease,1/79,239/9392,0.00418410041841004,0.497431280122875,-0.724831966180181,0.870615073374663,1,1,717,1
Human Diseases,Infectious disease: bacterial,hsa05131,Shigellosis,1/79,253/9392,0.00395256916996047,0.469905438535048,-0.787206977657265,0.885411659189213,1,1,9564,1
Environmental Information Processing,Signal transduction,hsa04020,Calcium signaling pathway,1/79,254/9392,0.00393700787401575,0.468055417123493,-0.791557259887149,0.886402191952541,1,1,4486,1
Environmental Information Processing,Signaling molecules and interaction,hsa04060,Cytokine-cytokine receptor interaction,1/79,298/9392,0.00335570469798658,0.39894656358848,-0.971109954715549,0.922543604701506,1,1,4049,1
Environmental Information Processing,Signaling molecules and interaction,hsa04517,IgSF CAM signaling,1/79,299/9392,0.00334448160535117,0.39761229414504,-0.974950941066944,0.923216472001768,1,1,9564,1
Human Diseases,Neurodegenerative disease,hsa05014,Amyotrophic lateral sclerosis,1/79,368/9392,0.00271739130434783,0.323059988992845,-1.22011064049174,0.958043804855656,1,1,56171,1
Environmental Information Processing,Signaling molecules and interaction,hsa04080,Neuroactive ligand-receptor interaction,1/79,371/9392,0.00269541778975741,0.320447644068375,-1.23000591604224,0.959136214478711,1,1,2696,1
Environmental Information Processing,Signaling molecules and interaction,hsa04519,Cadherin signaling,1/79,404/9392,0.00247524752475248,0.294272465221206,-1.33542922849697,0.969447066823165,1,1,6934,1
Metabolism,Carbohydrate metabolism,hsa00010,Glycolysis / Gluconeogenesis,0/79,67/9392,0,0,-0.756550017324254,1,1,1,"",0
Metabolism,Carbohydrate metabolism,hsa00020,Citrate cycle (TCA cycle),0/79,30/9392,0,0,-0.505243777366418,1,1,1,"",0
Metabolism,Carbohydrate metabolism,hsa00030,Pentose phosphate pathway,0/79,31/9392,0,0,-0.513622911969798,1,1,1,"",0
Metabolism,Carbohydrate metabolism,hsa00040,Pentose and glucuronate interconversions,0/79,37/9392,0,0,-0.561311100028857,1,1,1,"",0
Metabolism,Carbohydrate metabolism,hsa00052,Galactose metabolism,0/79,32/9392,0,0,-0.521869275801644,1,1,1,"",0
Metabolism,Carbohydrate metabolism,hsa00053,Ascorbate and aldarate metabolism,0/79,31/9392,0,0,-0.513622911969798,1,1,1,"",0
Metabolism,Lipid metabolism,hsa00061,Fatty acid biosynthesis,0/79,18/9392,0,0,-0.39110956967015,1,1,1,"",0
Metabolism,Lipid metabolism,hsa00071,Fatty acid degradation,0/79,43/9392,0,0,-0.60530785863707,1,1,1,"",0
Metabolism,Lipid metabolism,hsa00100,Steroid biosynthesis,0/79,20/9392,0,0,-0.412309671684978,1,1,1,"",0
Metabolism,Lipid metabolism,hsa00120,Primary bile acid biosynthesis,0/79,17/9392,0,0,-0.380069909043124,1,1,1,"",0
Metabolism,Amino acid metabolism,hsa00220,Arginine biosynthesis,0/79,23/9392,0,0,-0.442223648127554,1,1,1,"",0
Metabolism,Nucleotide metabolism,hsa00240,Pyrimidine metabolism,0/79,59/9392,0,0,-0.709643186528245,1,1,1,"",0
Metabolism,Amino acid metabolism,hsa00250,"Alanine, aspartate and glutamate metabolism",0/79,37/9392,0,0,-0.561311100028857,1,1,1,"",0
Metabolism,Amino acid metabolism,hsa00260,"Glycine, serine and threonine metabolism",0/79,41/9392,0,0,-0.591000113522517,1,1,1,"",0
Metabolism,Amino acid metabolism,hsa00280,"Valine, leucine and isoleucine degradation",0/79,48/9392,0,0,-0.639703708237126,1,1,1,"",0
Metabolism,Amino acid metabolism,hsa00310,Lysine degradation,0/79,63/9392,0,0,-0.733461618775162,1,1,1,"",0
Metabolism,Amino acid metabolism,hsa00330,Arginine and proline metabolism,0/79,50/9392,0,0,-0.652964747612812,1,1,1,"",0
Metabolism,Amino acid metabolism,hsa00340,Histidine metabolism,0/79,22/9392,0,0,-0.432480180297452,1,1,1,"",0
Metabolism,Amino acid metabolism,hsa00350,Tyrosine metabolism,0/79,37/9392,0,0,-0.561311100028857,1,1,1,"",0
Metabolism,Amino acid metabolism,hsa00360,Phenylalanine metabolism,0/79,16/9392,0,0,-0.368702308190351,1,1,1,"",0
Metabolism,Amino acid metabolism,hsa00380,Tryptophan metabolism,0/79,42/9392,0,0,-0.598195999348445,1,1,1,"",0
Metabolism,Metabolism of other amino acids,hsa00410,beta-Alanine metabolism,0/79,31/9392,0,0,-0.513622911969798,1,1,1,"",0
Metabolism,Metabolism of other amino acids,hsa00430,Taurine and hypotaurine metabolism,0/79,17/9392,0,0,-0.380069909043124,1,1,1,"",0
Metabolism,Metabolism of other amino acids,hsa00450,Selenocompound metabolism,0/79,17/9392,0,0,-0.380069909043124,1,1,1,"",0
Metabolism,Metabolism of other amino acids,hsa00480,Glutathione metabolism,0/79,59/9392,0,0,-0.709643186528245,1,1,1,"",0
Metabolism,Carbohydrate metabolism,hsa00500,Starch and sucrose metabolism,0/79,36/9392,0,0,-0.553644268417334,1,1,1,"",0
Metabolism,Glycan biosynthesis and metabolism,hsa00511,Other glycan degradation,0/79,18/9392,0,0,-0.39110956967015,1,1,1,"",0
Metabolism,Glycan biosynthesis and metabolism,hsa00512,Mucin type O-glycan biosynthesis,0/79,36/9392,0,0,-0.553644268417334,1,1,1,"",0
Metabolism,Glycan biosynthesis and metabolism,hsa00513,Various types of N-glycan biosynthesis,0/79,45/9392,0,0,-0.619291044805279,1,1,1,"",0
Metabolism,Glycan biosynthesis and metabolism,hsa00515,Mannose type O-glycan biosynthesis,0/79,23/9392,0,0,-0.442223648127554,1,1,1,"",0
Metabolism,Glycan biosynthesis and metabolism,hsa00520,Amino sugar and nucleotide sugar metabolism,0/79,38/9392,0,0,-0.568876220090615,1,1,1,"",0
Metabolism,Glycan biosynthesis and metabolism,hsa00531,Glycosaminoglycan degradation,0/79,19/9392,0,0,-0.401848319429995,1,1,1,"",0
Metabolism,Glycan biosynthesis and metabolism,hsa00532,Glycosaminoglycan biosynthesis - chondroitin sulfate / dermatan sulfate,0/79,21/9392,0,0,-0.422514232515438,1,1,1,"",0
Metabolism,Glycan biosynthesis and metabolism,hsa00533,Glycosaminoglycan biosynthesis - keratan sulfate,0/79,14/9392,0,0,-0.344852650341993,1,1,1,"",0
Metabolism,Glycan biosynthesis and metabolism,hsa00534,Glycosaminoglycan biosynthesis - heparan sulfate / heparin,0/79,24/9392,0,0,-0.451759032117769,1,1,1,"",0
Metabolism,Glycan biosynthesis and metabolism,hsa00541,Biosynthesis of various nucleotide sugars,0/79,20/9392,0,0,-0.412309671684978,1,1,1,"",0
Metabolism,Glycan biosynthesis and metabolism,hsa00563,Glycosylphosphatidylinositol (GPI)-anchor biosynthesis,0/79,30/9392,0,0,-0.505243777366418,1,1,1,"",0
Metabolism,Lipid metabolism,hsa00565,Ether lipid metabolism,0/79,51/9392,0,0,-0.659497367693767,1,1,1,"",0
Metabolism,Lipid metabolism,hsa00590,Arachidonic acid metabolism,0/79,63/9392,0,0,-0.733461618775162,1,1,1,"",0
Metabolism,Lipid metabolism,hsa00591,Linoleic acid metabolism,0/79,30/9392,0,0,-0.505243777366418,1,1,1,"",0
Metabolism,Lipid metabolism,hsa00592,alpha-Linolenic acid metabolism,0/79,26/9392,0,0,-0.47025590934675,1,1,1,"",0
Metabolism,Lipid metabolism,hsa00600,Sphingolipid metabolism,0/79,55/9392,0,0,-0.685018546262447,1,1,1,"",0
Metabolism,Glycan biosynthesis and metabolism,hsa00601,Glycosphingolipid biosynthesis - lacto and neolacto series,0/79,28/9392,0,0,-0.488059732555073,1,1,1,"",0
Metabolism,Glycan biosynthesis and metabolism,hsa00603,Glycosphingolipid biosynthesis - globo and isoglobo series,0/79,16/9392,0,0,-0.368702308190351,1,1,1,"",0
Metabolism,Glycan biosynthesis and metabolism,hsa00604,Glycosphingolipid biosynthesis - ganglio series,0/79,15/9392,0,0,-0.356975438680443,1,1,1,"",0
Metabolism,Carbohydrate metabolism,hsa00620,Pyruvate metabolism,0/79,47/9392,0,0,-0.632971185940778,1,1,1,"",0
Metabolism,Carbohydrate metabolism,hsa00630,Glyoxylate and dicarboxylate metabolism,0/79,31/9392,0,0,-0.513622911969798,1,1,1,"",0
Metabolism,Carbohydrate metabolism,hsa00640,Propanoate metabolism,0/79,32/9392,0,0,-0.521869275801644,1,1,1,"",0
Metabolism,Carbohydrate metabolism,hsa00650,Butanoate metabolism,0/79,27/9392,0,0,-0.479239554378173,1,1,1,"",0
Metabolism,Metabolism of cofactors and vitamins,hsa00670,One carbon pool by folate,0/79,39/9392,0,0,-0.576343634340267,1,1,1,"",0
Metabolism,Metabolism of cofactors and vitamins,hsa00730,Thiamine metabolism,0/79,15/9392,0,0,-0.356975438680443,1,1,1,"",0
Metabolism,Metabolism of cofactors and vitamins,hsa00760,Nicotinate and nicotinamide metabolism,0/79,38/9392,0,0,-0.568876220090615,1,1,1,"",0
Metabolism,Metabolism of cofactors and vitamins,hsa00770,Pantothenate and CoA biosynthesis,0/79,21/9392,0,0,-0.422514232515438,1,1,1,"",0
Metabolism,Metabolism of cofactors and vitamins,hsa00785,Lipoic acid metabolism,0/79,19/9392,0,0,-0.401848319429995,1,1,1,"",0
Metabolism,Metabolism of cofactors and vitamins,hsa00790,Folate biosynthesis,0/79,28/9392,0,0,-0.488059732555073,1,1,1,"",0
Metabolism,Metabolism of cofactors and vitamins,hsa00830,Retinol metabolism,0/79,68/9392,0,0,-0.762215872543981,1,1,1,"",0
Metabolism,Metabolism of cofactors and vitamins,hsa00860,Porphyrin metabolism,0/79,46/9392,0,0,-0.626167744065974,1,1,1,"",0
Metabolism,Metabolism of terpenoids and polyketides,hsa00900,Terpenoid backbone biosynthesis,0/79,23/9392,0,0,-0.442223648127554,1,1,1,"",0
Metabolism,Energy metabolism,hsa00910,Nitrogen metabolism,0/79,17/9392,0,0,-0.380069909043124,1,1,1,"",0
Metabolism,Energy metabolism,hsa00920,Sulfur metabolism,0/79,10/9392,0,0,-0.291391547671859,1,1,1,"",0
Metabolism,Xenobiotics biodegradation and metabolism,hsa00980,Metabolism of xenobiotics by cytochrome P450,0/79,79/9392,0,0,-0.82204086697077,1,1,1,"",0
Metabolism,Xenobiotics biodegradation and metabolism,hsa00982,Drug metabolism - cytochrome P450,0/79,73/9392,0,0,-0.789953338114279,1,1,1,"",0
Metabolism,Xenobiotics biodegradation and metabolism,hsa00983,Drug metabolism - other enzymes,0/79,82/9392,0,0,-0.837638730930915,1,1,1,"",0
Metabolism,Lipid metabolism,hsa01040,Biosynthesis of unsaturated fatty acids,0/79,27/9392,0,0,-0.479239554378173,1,1,1,"",0
Metabolism,Global and overview maps,hsa01200,Carbon metabolism,0/79,116/9392,0,0,-0.998098238385053,1,1,1,"",0
Metabolism,Global and overview maps,hsa01210,2-Oxocarboxylic acid metabolism,0/79,33/9392,0,0,-0.529989066989518,1,1,1,"",0
Metabolism,Global and overview maps,hsa01230,Biosynthesis of amino acids,0/79,75/9392,0,0,-0.800787431862192,1,1,1,"",0
Metabolism,Global and overview maps,hsa01232,Nucleotide metabolism,0/79,85/9392,0,0,-0.852961188545127,1,1,1,"",0
Metabolism,Global and overview maps,hsa01250,Biosynthesis of nucleotide sugars,0/79,37/9392,0,0,-0.561311100028857,1,1,1,"",0
Human Diseases,Drug resistance: antineoplastic,hsa01521,EGFR tyrosine kinase inhibitor resistance,0/79,80/9392,0,0,-0.827271712211274,1,1,1,"",0
Human Diseases,Drug resistance: antineoplastic,hsa01523,Antifolate resistance,0/79,30/9392,0,0,-0.505243777366418,1,1,1,"",0
Human Diseases,Drug resistance: antineoplastic,hsa01524,Platinum drug resistance,0/79,75/9392,0,0,-0.800787431862192,1,1,1,"",0
Genetic Information Processing,Translation,hsa03010,Ribosome,0/79,223/9392,0,0,-1.3919258795991,1,1,1,"",0
Genetic Information Processing,Transcription,hsa03020,RNA polymerase,0/79,34/9392,0,0,-0.537988017146652,1,1,1,"",0
Genetic Information Processing,Replication and repair,hsa03030,DNA replication,0/79,36/9392,0,0,-0.553644268417334,1,1,1,"",0
Genetic Information Processing,"Folding, sorting and degradation",hsa03050,Proteasome,0/79,46/9392,0,0,-0.626167744065974,1,1,1,"",0
Genetic Information Processing,Information processing in viruses,hsa03250,Viral life cycle - HIV-1,0/79,73/9392,0,0,-0.789953338114279,1,1,1,"",0
Genetic Information Processing,Information processing in viruses,hsa03265,"Virion - Ebolavirus, Lyssavirus and Morbillivirus",0/79,12/9392,0,0,-0.319237475856932,1,1,1,"",0
Genetic Information Processing,Information processing in viruses,hsa03272,Virion - Hepatitis viruses,0/79,48/9392,0,0,-0.639703708237126,1,1,1,"",0
Genetic Information Processing,Information processing in viruses,hsa03273,Virion - Lassa virus and SFTS virus,0/79,17/9392,0,0,-0.380069909043124,1,1,1,"",0
Genetic Information Processing,Replication and repair,hsa03410,Base excision repair,0/79,44/9392,0,0,-0.612338619592996,1,1,1,"",0
Genetic Information Processing,Replication and repair,hsa03420,Nucleotide excision repair,0/79,63/9392,0,0,-0.733461618775162,1,1,1,"",0
Genetic Information Processing,Replication and repair,hsa03430,Mismatch repair,0/79,23/9392,0,0,-0.442223648127554,1,1,1,"",0
Genetic Information Processing,Replication and repair,hsa03440,Homologous recombination,0/79,41/9392,0,0,-0.591000113522517,1,1,1,"",0
Genetic Information Processing,Replication and repair,hsa03450,Non-homologous end-joining,0/79,13/9392,0,0,-0.332290612814729,1,1,1,"",0
Genetic Information Processing,Replication and repair,hsa03460,Fanconi anemia pathway,0/79,54/9392,0,0,-0.6787261930072,1,1,1,"",0
Environmental Information Processing,Signal transduction,hsa04066,HIF-1 signaling pathway,0/79,110/9392,0,0,-0.971628454912639,1,1,1,"",0
Cellular Processes,Transport and catabolism,hsa04136,Autophagy - other,0/79,32/9392,0,0,-0.521869275801644,1,1,1,"",0
Cellular Processes,Transport and catabolism,hsa04140,Autophagy - animal,0/79,169/9392,0,0,-1.20818075171039,1,1,1,"",0
Cellular Processes,Transport and catabolism,hsa04146,Peroxisome,0/79,83/9392,0,0,-0.842776069680294,1,1,1,"",0
Cellular Processes,Cell growth and death,hsa04210,Apoptosis,0/79,137/9392,0,0,-1.085917261109,1,1,1,"",0
Cellular Processes,Cell growth and death,hsa04215,Apoptosis - multiple species,0/79,32/9392,0,0,-0.521869275801644,1,1,1,"",0
Cellular Processes,Cell growth and death,hsa04216,Ferroptosis,0/79,42/9392,0,0,-0.598195999348445,1,1,1,"",0
Cellular Processes,Cell growth and death,hsa04217,Necroptosis,0/79,168/9392,0,0,-1.20453565014946,1,1,1,"",0
Organismal Systems,Circulatory system,hsa04260,Cardiac muscle contraction,0/79,87/9392,0,0,-0.8630304161622,1,1,1,"",0
Organismal Systems,Development and regeneration,hsa04360,Axon guidance,0/79,184/9392,0,0,-1.26168494425788,1,1,1,"",0
Environmental Information Processing,Signal transduction,hsa04370,VEGF signaling pathway,0/79,60/9392,0,0,-0.715670184668532,1,1,1,"",0
Environmental Information Processing,Signal transduction,hsa04392,Hippo signaling pathway - multiple species,0/79,29/9392,0,0,-0.496725152415999,1,1,1,"",0
Organismal Systems,Endocrine system,hsa04614,Renin-angiotensin system,0/79,23/9392,0,0,-0.442223648127554,1,1,1,"",0
Organismal Systems,Immune system,hsa04622,RIG-I-like receptor signaling pathway,0/79,72/9392,0,0,-0.784481951884698,1,1,1,"",0
Organismal Systems,Immune system,hsa04623,Cytosolic DNA-sensing pathway,0/79,83/9392,0,0,-0.842776069680294,1,1,1,"",0
Organismal Systems,Immune system,hsa04625,C-type lectin receptor signaling pathway,0/79,105/9392,0,0,-0.949033605575119,1,1,1,"",0
Organismal Systems,Immune system,hsa04657,IL-17 signaling pathway,0/79,94/9392,0,0,-0.897416024857813,1,1,1,"",0
Organismal Systems,Immune system,hsa04662,B cell receptor signaling pathway,0/79,91/9392,0,0,-0.882837024624225,1,1,1,"",0
Organismal Systems,Immune system,hsa04666,Fc gamma R-mediated phagosome formation,0/79,98/9392,0,0,-0.916508227998343,1,1,1,"",0
Organismal Systems,Environmental adaptation,hsa04710,Circadian rhythm,0/79,34/9392,0,0,-0.537988017146652,1,1,1,"",0
Organismal Systems,Nervous system,hsa04720,Long-term potentiation,0/79,67/9392,0,0,-0.756550017324254,1,1,1,"",0
Organismal Systems,Nervous system,hsa04730,Long-term depression,0/79,60/9392,0,0,-0.715670184668532,1,1,1,"",0
Organismal Systems,Sensory system,hsa04740,Olfactory transduction,0/79,449/9392,0,0,-1.99989051002328,1,1,1,"",0
Organismal Systems,Sensory system,hsa04742,Taste transduction,0/79,86/9392,0,0,-0.85801003247558,1,1,1,"",0
Organismal Systems,Sensory system,hsa04744,Phototransduction,0/79,29/9392,0,0,-0.496725152415999,1,1,1,"",0
Cellular Processes,Cell motility,hsa04820,Cytoskeleton in muscle cells,0/79,233/9392,0,0,-1.42356924032588,1,1,1,"",0
Organismal Systems,Endocrine system,hsa04910,Insulin signaling pathway,0/79,138/9392,0,0,-1.08993214195952,1,1,1,"",0
Organismal Systems,Endocrine system,hsa04920,Adipocytokine signaling pathway,0/79,70/9392,0,0,-0.773426654717576,1,1,1,"",0
Organismal Systems,Endocrine system,hsa04922,Glucagon signaling pathway,0/79,107/9392,0,0,-0.95813256065993,1,1,1,"",0
Human Diseases,Endocrine and metabolic disease,hsa04931,Insulin resistance,0/79,109/9392,0,0,-0.967149781833833,1,1,1,"",0
Organismal Systems,Excretory system,hsa04960,Aldosterone-regulated sodium reabsorption,0/79,38/9392,0,0,-0.568876220090615,1,1,1,"",0
Organismal Systems,Excretory system,hsa04961,Endocrine and other factor-regulated calcium reabsorption,0/79,53/9392,0,0,-0.672376322552787,1,1,1,"",0
Organismal Systems,Excretory system,hsa04962,Vasopressin-regulated water reabsorption,0/79,44/9392,0,0,-0.612338619592996,1,1,1,"",0
Organismal Systems,Excretory system,hsa04964,Proximal tubule bicarbonate reclamation,0/79,23/9392,0,0,-0.442223648127554,1,1,1,"",0
Organismal Systems,Digestive system,hsa04973,Carbohydrate digestion and absorption,0/79,48/9392,0,0,-0.639703708237126,1,1,1,"",0
Organismal Systems,Digestive system,hsa04977,Vitamin digestion and absorption,0/79,26/9392,0,0,-0.47025590934675,1,1,1,"",0
Organismal Systems,Digestive system,hsa04978,Mineral absorption,0/79,61/9392,0,0,-0.721648124443612,1,1,1,"",0
Organismal Systems,Digestive system,hsa04979,Cholesterol metabolism,0/79,52/9392,0,0,-0.665967289211667,1,1,1,"",0
Organismal Systems,Digestive system,hsa04980,Cobalamin transport and metabolism,0/79,18/9392,0,0,-0.39110956967015,1,1,1,"",0
Organismal Systems,Digestive system,hsa04981,Folate transport and metabolism,0/79,31/9392,0,0,-0.513622911969798,1,1,1,"",0
Human Diseases,Neurodegenerative disease,hsa05017,Spinocerebellar ataxia,0/79,144/9392,0,0,-1.11373533858461,1,1,1,"",0
Human Diseases,Substance dependence,hsa05033,Nicotine addiction,0/79,41/9392,0,0,-0.591000113522517,1,1,1,"",0
Human Diseases,Infectious disease: bacterial,hsa05130,Pathogenic Escherichia coli infection,0/79,200/9392,0,0,-1.31654180602975,1,1,1,"",0
Human Diseases,Infectious disease: parasitic,hsa05143,African trypanosomiasis,0/79,37/9392,0,0,-0.561311100028857,1,1,1,"",0
Human Diseases,Infectious disease: parasitic,hsa05144,Malaria,0/79,50/9392,0,0,-0.652964747612812,1,1,1,"",0
Human Diseases,Infectious disease: parasitic,hsa05146,Amoebiasis,0/79,103/9392,0,0,-0.939850540146592,1,1,1,"",0
Human Diseases,Cancer: overview,hsa05204,Chemical carcinogenesis - DNA adducts,0/79,70/9392,0,0,-0.773426654717576,1,1,1,"",0
Human Diseases,Cancer: specific types,hsa05211,Renal cell carcinoma,0/79,70/9392,0,0,-0.773426654717576,1,1,1,"",0
Human Diseases,Cancer: specific types,hsa05212,Pancreatic cancer,0/79,77/9392,0,0,-0.811481451603497,1,1,1,"",0
Human Diseases,Cancer: specific types,hsa05214,Glioma,0/79,76/9392,0,0,-0.806151600683699,1,1,1,"",0
Human Diseases,Cancer: specific types,hsa05218,Melanoma,0/79,73/9392,0,0,-0.789953338114279,1,1,1,"",0
Human Diseases,Cancer: specific types,hsa05219,Bladder cancer,0/79,41/9392,0,0,-0.591000113522517,1,1,1,"",0
Human Diseases,Cancer: specific types,hsa05220,Chronic myeloid leukemia,0/79,77/9392,0,0,-0.811481451603497,1,1,1,"",0
Human Diseases,Cancer: specific types,hsa05223,Non-small cell lung cancer,0/79,73/9392,0,0,-0.789953338114279,1,1,1,"",0
Human Diseases,Cardiovascular disease,hsa05410,Hypertrophic cardiomyopathy,0/79,99/9392,0,0,-0.921221983502025,1,1,1,"",0
